{
  "panne_accuracy": 0.7976661804542613,
  "anomalie_accuracy": 0.7968326734736404,
  "rul_mae": 42.413414001464844,
  "rul_rmse": 58.48556470871146,
  "scenario_accuracy": 0.8045426130443842,
  "scenario_precision_macro": 0.7995982066232871,
  "scenario_recall_macro": 0.7980088159094225,
  "scenario_f1_macro": 0.7854264239490512
}