{
  "classification_report": {
    "ELECTRIQUE": {
      "precision": 0.6837725381414702,
      "recall": 0.8603839441535777,
      "f1-score": 0.7619783616692427,
      "support": 573.0
    },
    "NORMAL": {
      "precision": 0.799797263051191,
      "recall": 0.8205928237129485,
      "f1-score": 0.8100616016427105,
      "support": 1923.0
    },
    "ROULEMENT": {
      "precision": 0.6988847583643123,
      "recall": 0.32752613240418116,
      "f1-score": 0.4460260972716489,
      "support": 574.0
    },
    "SURCHARGE": {
      "precision": 0.9064976228209192,
      "recall": 0.9930555555555556,
      "f1-score": 0.947804473902237,
      "support": 576.0
    },
    "SURCHAUFFE": {
      "precision": 0.9323432343234324,
      "recall": 0.9792027729636048,
      "f1-score": 0.9551986475063398,
      "support": 577.0
    },
    "USURE_GENERALE": {
      "precision": 0.7762938230383973,
      "recall": 0.8072916666666666,
      "f1-score": 0.7914893617021277,
      "support": 576.0
    },
    "accuracy": 0.8045426130443842,
    "macro avg": {
      "precision": 0.7995982066232871,
      "recall": 0.7980088159094225,
      "f1-score": 0.7854264239490512,
      "support": 4799.0
    },
    "weighted avg": {
      "precision": 0.7997961182586383,
      "recall": 0.8045426130443842,
      "f1-score": 0.7925325921960007,
      "support": 4799.0
    }
  },
  "confusion_matrix": [
    [
      493,
      63,
      4,
      0,
      0,
      13
    ],
    [
      93,
      1578,
      75,
      27,
      31,
      119
    ],
    [
      90,
      292,
      188,
      2,
      2,
      0
    ],
    [
      0,
      2,
      2,
      572,
      0,
      0
    ],
    [
      0,
      0,
      0,
      10,
      565,
      2
    ],
    [
      45,
      38,
      0,
      20,
      8,
      465
    ]
  ]
}