{
  "classification_report": {
    "ELECTRIQUE": {
      "precision": 0.7461212976022567,
      "recall": 0.9232111692844677,
      "f1-score": 0.8252730109204368,
      "support": 573.0
    },
    "NORMAL": {
      "precision": 0.8619153674832962,
      "recall": 0.8049921996879875,
      "f1-score": 0.8324818499596666,
      "support": 1923.0
    },
    "ROULEMENT": {
      "precision": 0.6761363636363636,
      "recall": 0.6219512195121951,
      "f1-score": 0.647912885662432,
      "support": 574.0
    },
    "SURCHARGE": {
      "precision": 0.9759036144578314,
      "recall": 0.984375,
      "f1-score": 0.9801210025929127,
      "support": 576.0
    },
    "SURCHAUFFE": {
      "precision": 0.9695945945945946,
      "recall": 0.9948006932409013,
      "f1-score": 0.9820359281437125,
      "support": 577.0
    },
    "USURE_GENERALE": {
      "precision": 0.8026981450252951,
      "recall": 0.8263888888888888,
      "f1-score": 0.8143712574850299,
      "support": 576.0
    },
    "accuracy": 0.84413419462388,
    "macro avg": {
      "precision": 0.8387282304666063,
      "recall": 0.8592865284357402,
      "f1-score": 0.8470326557940319,
      "support": 4799.0
    },
    "weighted avg": {
      "precision": 0.8453893983052942,
      "recall": 0.84413419462388,
      "f1-score": 0.8430732030514486,
      "support": 4799.0
    }
  },
  "confusion_matrix": [
    [
      529,
      34,
      9,
      0,
      0,
      1
    ],
    [
      78,
      1548,
      158,
      13,
      12,
      114
    ],
    [
      47,
      170,
      357,
      0,
      0,
      0
    ],
    [
      0,
      4,
      4,
      567,
      0,
      1
    ],
    [
      0,
      1,
      0,
      1,
      574,
      1
    ],
    [
      55,
      39,
      0,
      0,
      6,
      476
    ]
  ]
}